{
  "name": "Arm_config",
  "Camera_size": [ 640, 480, 640, 480 ],
  "M1": [ 573.684992329, 573.68499233, 320, 240 ],
  "D1": [ 0, 0, 0, 0 ],
  "M2": [ 573.684992329, 5.7368499233e+02, 320, 240 ],
  "D2": [ 0, 0, 0, 0 ]
}
